case_id,stratum,truth_label,predicted_label,confidence,margin,entropy,action,evidence_channels,missing_channels,top_hypotheses,strongest_terms,warnings,contradictions,posterior_warnings,recommendation
mpc_proxy_sedna_detached,multi_night_tracklet,DETACHED,HOT_CLASSICAL,0.34906976664898526,0.053849579005198656,1.455235914470159,observe_second_night,"[""magnitude"",""morphology"",""orbit_fit"",""rate""]","[""color"",""sky_context"",""xmatch""]","[{""class"":""moving_object"",""free_energy"":8.560087914192131,""label"":""HOT_CLASSICAL (44 AU)"",""orbital_class"":""HOT_CLASSICAL"",""posterior"":0.34906976664898526},{""class"":""moving_object"",""free_energy"":8.769525826626232,""label"":""DETACHED (80 AU)"",""orbital_class"":""DETACHED"",""posterior"":0.2952201876437866},{""class"":""moving_object"",""free_energy"":9.070913537958122,""label"":""CLASSICAL_KBO (44 AU)"",""orbital_class"":""CLASSICAL_KBO"",""posterior"":0.23197075499157033},{""class"":""moving_object"",""free_energy"":10.33896373906033,""label"":""SEDNOID (500 AU)"",""orbital_class"":""SEDNOID"",""posterior"":0.08411384229931244},{""class"":""moving_object"",""free_energy"":12.183231465506342,""label"":""RESONANT_KBO (39 AU)"",""orbital_class"":""RESONANT_KBO"",""posterior"":0.019235489140861428}]","{""magnitude"":-2.4423470353692043,""morphology"":-0.07257069283483537,""prior"":-5.298317366548036,""rate"":-1.44,""rms_fit"":0.6931471805599453}",[],[],[],collect decisive follow-up; posterior margin is too small
mpc_proxy_classical_kbo,multi_night_tracklet,CLASSICAL_KBO,HOT_CLASSICAL,0.20972945650433192,0.03428832445281149,2.1460910488709755,observe_second_night,"[""magnitude"",""morphology"",""orbit_fit"",""rate""]","[""color"",""sky_context"",""xmatch""]","[{""class"":""moving_object"",""free_energy"":7.141827900828536,""label"":""HOT_CLASSICAL (44 AU)"",""orbital_class"":""HOT_CLASSICAL"",""posterior"":0.20972945650433192},{""class"":""moving_object"",""free_energy"":7.364971452142746,""label"":""RESONANT_KBO (39 AU)"",""orbital_class"":""RESONANT_KBO"",""posterior"":0.17544113205152043},{""class"":""moving_object"",""free_energy"":7.652653524594528,""label"":""CLASSICAL_KBO (44 AU)"",""orbital_class"":""CLASSICAL_KBO"",""posterior"":0.13937357232717243},{""class"":""moving_object"",""free_energy"":7.812996174669706,""label"":""COMET_HYPERBOLIC (10 AU)"",""orbital_class"":""COMET_HYPERBOLIC"",""posterior"":0.12259469830303656},{""class"":""moving_object"",""free_energy"":8.05811863270269,""label"":""SCATTERED_KBO (60 AU)"",""orbital_class"":""SCATTERED_KBO"",""posterior"":0.1007644698931996}]","{""magnitude"":-2.4423470353692043,""morphology"":-0.09431067947124129,""prior"":-5.298317366548036,""rate"":0.0,""rms_fit"":0.6931471805599453}",[],[],[],collect decisive follow-up; posterior margin is too small
lsst_like_faint_kbo,multi_night_tracklet,CLASSICAL_KBO,HOT_CLASSICAL,0.2555708823496573,0.041782863889295224,1.966779739050346,observe_second_night,"[""color"",""magnitude"",""morphology"",""orbit_fit"",""rate"",""sky_context""]","[""xmatch""]","[{""class"":""moving_object"",""free_energy"":6.147355871413024,""label"":""HOT_CLASSICAL (44 AU)"",""orbital_class"":""HOT_CLASSICAL"",""posterior"":0.2555708823496573},{""class"":""moving_object"",""free_energy"":6.370499422727233,""label"":""RESONANT_KBO (39 AU)"",""orbital_class"":""RESONANT_KBO"",""posterior"":0.21378801846036208},{""class"":""moving_object"",""free_energy"":6.658181495179015,""label"":""CLASSICAL_KBO (44 AU)"",""orbital_class"":""CLASSICAL_KBO"",""posterior"":0.16983702456284921},{""class"":""moving_object"",""free_energy"":7.063646603287179,""label"":""SCATTERED_KBO (60 AU)"",""orbital_class"":""SCATTERED_KBO"",""posterior"":0.12278897256174684},{""class"":""moving_object"",""free_energy"":7.756793783847124,""label"":""DETACHED (80 AU)"",""orbital_class"":""DETACHED"",""posterior"":0.07052374539672733}]","{""color"":1.0986122886681098,""magnitude"":-2.4423470353692043,""morphology"":-0.19845093872383832,""prior"":-5.298317366548036,""rate"":0.0,""rms_fit"":0.6931471805599453}",[],[],[],collect decisive follow-up; posterior margin is too small
lsst_like_trojan,multi_night_tracklet,JTROJAN,MBA,0.6687284720444492,0.5202643526235897,1.1795595816130928,monitor,"[""color"",""magnitude"",""morphology"",""orbit_fit"",""rate"",""sky_context""]","[""xmatch""]","[{""class"":""moving_object"",""free_energy"":2.741970432717929,""label"":""MBA (3 AU)"",""orbital_class"":""MBA"",""posterior"":0.6687284720444492},{""class"":""moving_object"",""free_energy"":4.62326392943079,""label"":""JTROJAN (5 AU)"",""orbital_class"":""JTROJAN"",""posterior"":0.14846411942085952},{""class"":""moving_object"",""free_energy"":5.281319790179466,""label"":""OMB (3 AU)"",""orbital_class"":""OMB"",""posterior"":0.08769795845627774},{""class"":""moving_object"",""free_energy"":6.702705471110626,""label"":""HILDA (4 AU)"",""orbital_class"":""HILDA"",""posterior"":0.02812869066732186},{""class"":""moving_object"",""free_energy"":7.14817260961952,""label"":""IMB (2 AU)"",""orbital_class"":""IMB"",""posterior"":0.019696015666072486}]","{""magnitude"":-2.8622008809294686,""morphology"":-0.11653381625595151,""prior"":-0.4307829160924542,""rate"":-0.025600000000000046,""rms_fit"":0.6931471805599453}",[],[],[],inspect top evidence terms; likely prior/likelihood calibration miss
contradiction_cosmic_ray_arc,contradiction_fail_closed,manual_review,manual_review,0.0,0.0,inf,manual_review,"[""magnitude"",""morphology"",""orbit_fit"",""rate""]","[""color"",""sky_context"",""xmatch""]",[],{},[],"[""cosmic-ray morphology conflicts with repeated detections""]","[""contradictory evidence rejected before scoring""]",manual review path behaved correctly
contradiction_satellite_multiday,contradiction_fail_closed,manual_review,manual_review,0.0,0.0,inf,manual_review,"[""magnitude"",""morphology"",""orbit_fit"",""rate""]","[""color"",""sky_context"",""xmatch""]",[],{},[],"[""satellite-scale rate conflicts with multi-day coherent arc""]","[""contradictory evidence rejected before scoring""]",manual review path behaved correctly
mpc_proxy_sedna_detached__missing_color,artifact_adversarial,DETACHED,HOT_CLASSICAL,0.34906976664898526,0.053849579005198656,1.455235914470159,observe_second_night,"[""magnitude"",""morphology"",""orbit_fit"",""rate""]","[""color"",""sky_context"",""xmatch""]","[{""class"":""moving_object"",""free_energy"":8.560087914192131,""label"":""HOT_CLASSICAL (44 AU)"",""orbital_class"":""HOT_CLASSICAL"",""posterior"":0.34906976664898526},{""class"":""moving_object"",""free_energy"":8.769525826626232,""label"":""DETACHED (80 AU)"",""orbital_class"":""DETACHED"",""posterior"":0.2952201876437866},{""class"":""moving_object"",""free_energy"":9.070913537958122,""label"":""CLASSICAL_KBO (44 AU)"",""orbital_class"":""CLASSICAL_KBO"",""posterior"":0.23197075499157033},{""class"":""moving_object"",""free_energy"":10.33896373906033,""label"":""SEDNOID (500 AU)"",""orbital_class"":""SEDNOID"",""posterior"":0.08411384229931244},{""class"":""moving_object"",""free_energy"":12.183231465506342,""label"":""RESONANT_KBO (39 AU)"",""orbital_class"":""RESONANT_KBO"",""posterior"":0.019235489140861428}]","{""magnitude"":-2.4423470353692043,""morphology"":-0.07257069283483537,""prior"":-5.298317366548036,""rate"":-1.44,""rms_fit"":0.6931471805599453}",[],[],[],collect decisive follow-up; posterior margin is too small
mpc_proxy_sedna_detached__mag_noise,artifact_adversarial,DETACHED,HOT_CLASSICAL,0.34906976664898526,0.053849579005198656,1.455235914470159,observe_second_night,"[""magnitude"",""morphology"",""orbit_fit"",""rate""]","[""color"",""sky_context"",""xmatch""]","[{""class"":""moving_object"",""free_energy"":8.560087914192131,""label"":""HOT_CLASSICAL (44 AU)"",""orbital_class"":""HOT_CLASSICAL"",""posterior"":0.34906976664898526},{""class"":""moving_object"",""free_energy"":8.769525826626232,""label"":""DETACHED (80 AU)"",""orbital_class"":""DETACHED"",""posterior"":0.2952201876437866},{""class"":""moving_object"",""free_energy"":9.070913537958122,""label"":""CLASSICAL_KBO (44 AU)"",""orbital_class"":""CLASSICAL_KBO"",""posterior"":0.23197075499157033},{""class"":""moving_object"",""free_energy"":10.33896373906033,""label"":""SEDNOID (500 AU)"",""orbital_class"":""SEDNOID"",""posterior"":0.08411384229931244},{""class"":""moving_object"",""free_energy"":12.183231465506342,""label"":""RESONANT_KBO (39 AU)"",""orbital_class"":""RESONANT_KBO"",""posterior"":0.019235489140861428}]","{""magnitude"":-2.4423470353692043,""morphology"":-0.07257069283483537,""prior"":-5.298317366548036,""rate"":-1.44,""rms_fit"":0.6931471805599453}",[],[],[],collect decisive follow-up; posterior margin is too small
mpc_proxy_sedna_detached__weak_morphology,artifact_adversarial,DETACHED,HOT_CLASSICAL,0.34554788681018955,0.05330627286772738,1.4923730564588353,observe_second_night,"[""magnitude"",""morphology"",""orbit_fit"",""rate""]","[""color"",""sky_context"",""xmatch""]","[{""class"":""moving_object"",""free_energy"":9.537339345855973,""label"":""HOT_CLASSICAL (44 AU)"",""orbital_class"":""HOT_CLASSICAL"",""posterior"":0.34554788681018955},{""class"":""moving_object"",""free_energy"":9.746777258290074,""label"":""DETACHED (80 AU)"",""orbital_class"":""DETACHED"",""posterior"":0.2922416139424622},{""class"":""moving_object"",""free_energy"":10.048164969621965,""label"":""CLASSICAL_KBO (44 AU)"",""orbital_class"":""CLASSICAL_KBO"",""posterior"":0.2296303256469211},{""class"":""moving_object"",""free_energy"":11.316215170724174,""label"":""SEDNOID (500 AU)"",""orbital_class"":""SEDNOID"",""posterior"":0.0832651900421964},{""class"":""moving_object"",""free_energy"":13.160482897170183,""label"":""RESONANT_KBO (39 AU)"",""orbital_class"":""RESONANT_KBO"",""posterior"":0.019041415955879198}]","{""magnitude"":-2.4423470353692043,""morphology"":-1.0498221244986778,""prior"":-5.298317366548036,""rate"":-1.44,""rms_fit"":0.6931471805599453}",[],[],[],collect decisive follow-up; posterior margin is too small
mpc_proxy_sedna_detached__short_arc,artifact_adversarial,DETACHED,subtraction_residual,0.6161976066515319,0.38100860372905554,1.1668274013287336,observe_second_night,"[""magnitude"",""morphology"",""orbit_fit"",""rate""]","[""color"",""sky_context"",""xmatch""]","[{""class"":""artefact"",""free_energy"":2.3025850929940455,""label"":""subtraction_residual"",""orbital_class"":null,""posterior"":0.6161976066515319},{""class"":""artefact"",""free_energy"":3.506557897319982,""label"":""edge_artefact"",""orbital_class"":null,""posterior"":0.23518900292247633},{""class"":""artefact"",""free_energy"":5.521460917862246,""label"":""ghost_or_diffraction"",""orbital_class"":null,""posterior"":0.04692108003717947},{""class"":""artefact"",""free_energy"":5.991464547107982,""label"":""cosmic_ray"",""orbital_class"":null,""posterior"":0.032216029486346054},{""class"":""artefact"",""free_energy"":5.991464547107982,""label"":""stellar_variable"",""orbital_class"":null,""posterior"":0.032216029486346054}]","{""prior"":-2.3025850929940455}","[""short-arc moving-object candidate should not be discarded without follow-up""]",[],[],inspect top evidence terms; likely prior/likelihood calibration miss
mpc_proxy_sedna_detached__artifact_conflict,artifact_adversarial,DETACHED,manual_review,0.0,0.0,inf,manual_review,"[""magnitude"",""morphology"",""orbit_fit"",""rate""]","[""color"",""sky_context"",""xmatch""]",[],{},"[""weak cosmic-ray morphology with tracklet evidence needs manual review""]","[""cosmic-ray morphology conflicts with repeated detections""]","[""contradictory evidence rejected before scoring""]",manual review path behaved correctly
mpc_proxy_classical_kbo__missing_color,artifact_adversarial,CLASSICAL_KBO,HOT_CLASSICAL,0.20972945650433192,0.03428832445281149,2.1460910488709755,observe_second_night,"[""magnitude"",""morphology"",""orbit_fit"",""rate""]","[""color"",""sky_context"",""xmatch""]","[{""class"":""moving_object"",""free_energy"":7.141827900828536,""label"":""HOT_CLASSICAL (44 AU)"",""orbital_class"":""HOT_CLASSICAL"",""posterior"":0.20972945650433192},{""class"":""moving_object"",""free_energy"":7.364971452142746,""label"":""RESONANT_KBO (39 AU)"",""orbital_class"":""RESONANT_KBO"",""posterior"":0.17544113205152043},{""class"":""moving_object"",""free_energy"":7.652653524594528,""label"":""CLASSICAL_KBO (44 AU)"",""orbital_class"":""CLASSICAL_KBO"",""posterior"":0.13937357232717243},{""class"":""moving_object"",""free_energy"":7.812996174669706,""label"":""COMET_HYPERBOLIC (10 AU)"",""orbital_class"":""COMET_HYPERBOLIC"",""posterior"":0.12259469830303656},{""class"":""moving_object"",""free_energy"":8.05811863270269,""label"":""SCATTERED_KBO (60 AU)"",""orbital_class"":""SCATTERED_KBO"",""posterior"":0.1007644698931996}]","{""magnitude"":-2.4423470353692043,""morphology"":-0.09431067947124129,""prior"":-5.298317366548036,""rate"":0.0,""rms_fit"":0.6931471805599453}",[],[],[],collect decisive follow-up; posterior margin is too small
mpc_proxy_classical_kbo__mag_noise,artifact_adversarial,CLASSICAL_KBO,HOT_CLASSICAL,0.2106138232324387,0.034432908116994926,2.143425482556303,observe_second_night,"[""magnitude"",""morphology"",""orbit_fit"",""rate""]","[""color"",""sky_context"",""xmatch""]","[{""class"":""moving_object"",""free_energy"":7.141827900828536,""label"":""HOT_CLASSICAL (44 AU)"",""orbital_class"":""HOT_CLASSICAL"",""posterior"":0.2106138232324387},{""class"":""moving_object"",""free_energy"":7.364971452142746,""label"":""RESONANT_KBO (39 AU)"",""orbital_class"":""RESONANT_KBO"",""posterior"":0.1761809151154438},{""class"":""moving_object"",""free_energy"":7.652653524594528,""label"":""CLASSICAL_KBO (44 AU)"",""orbital_class"":""CLASSICAL_KBO"",""posterior"":0.13996126922105623},{""class"":""moving_object"",""free_energy"":7.819940619114151,""label"":""COMET_HYPERBOLIC (10 AU)"",""orbital_class"":""COMET_HYPERBOLIC"",""posterior"":0.1224295864581774},{""class"":""moving_object"",""free_energy"":8.05811863270269,""label"":""SCATTERED_KBO (60 AU)"",""orbital_class"":""SCATTERED_KBO"",""posterior"":0.10118936368749133}]","{""magnitude"":-2.4423470353692043,""morphology"":-0.09431067947124129,""prior"":-5.298317366548036,""rate"":0.0,""rms_fit"":0.6931471805599453}",[],[],[],collect decisive follow-up; posterior margin is too small
mpc_proxy_classical_kbo__weak_morphology,artifact_adversarial,CLASSICAL_KBO,HOT_CLASSICAL,0.20972921209498255,0.03428828449472843,2.1461050797946193,observe_second_night,"[""magnitude"",""morphology"",""orbit_fit"",""rate""]","[""color"",""sky_context"",""xmatch""]","[{""class"":""moving_object"",""free_energy"":8.097339345855973,""label"":""HOT_CLASSICAL (44 AU)"",""orbital_class"":""HOT_CLASSICAL"",""posterior"":0.20972921209498255},{""class"":""moving_object"",""free_energy"":8.320482897170184,""label"":""RESONANT_KBO (39 AU)"",""orbital_class"":""RESONANT_KBO"",""posterior"":0.17544092760025412},{""class"":""moving_object"",""free_energy"":8.608164969621964,""label"":""CLASSICAL_KBO (44 AU)"",""orbital_class"":""CLASSICAL_KBO"",""posterior"":0.13937340990743094},{""class"":""moving_object"",""free_energy"":8.768507619697143,""label"":""COMET_HYPERBOLIC (10 AU)"",""orbital_class"":""COMET_HYPERBOLIC"",""posterior"":0.12259455543664598},{""class"":""moving_object"",""free_energy"":9.013630077730127,""label"":""SCATTERED_KBO (60 AU)"",""orbital_class"":""SCATTERED_KBO"",""posterior"":0.10076435246678304}]","{""magnitude"":-2.4423470353692043,""morphology"":-1.0498221244986778,""prior"":-5.298317366548036,""rate"":0.0,""rms_fit"":0.6931471805599453}",[],[],[],collect decisive follow-up; posterior margin is too small
mpc_proxy_classical_kbo__short_arc,artifact_adversarial,CLASSICAL_KBO,subtraction_residual,0.5991711522197755,0.37048077051536943,1.3084145094170447,observe_second_night,"[""magnitude"",""morphology"",""orbit_fit"",""rate""]","[""color"",""sky_context"",""xmatch""]","[{""class"":""artefact"",""free_energy"":2.3025850929940455,""label"":""subtraction_residual"",""orbital_class"":null,""posterior"":0.5991711522197755},{""class"":""artefact"",""free_energy"":3.506557897319982,""label"":""edge_artefact"",""orbital_class"":null,""posterior"":0.22869038170440606},{""class"":""artefact"",""free_energy"":5.521460917862246,""label"":""ghost_or_diffraction"",""orbital_class"":null,""posterior"":0.04562458095552429},{""class"":""artefact"",""free_energy"":5.991464547107982,""label"":""cosmic_ray"",""orbital_class"":null,""posterior"":0.03132585277663418},{""class"":""artefact"",""free_energy"":5.991464547107982,""label"":""stellar_variable"",""orbital_class"":null,""posterior"":0.03132585277663418}]","{""prior"":-2.3025850929940455}","[""short-arc moving-object candidate should not be discarded without follow-up""]",[],[],inspect top evidence terms; likely prior/likelihood calibration miss
mpc_proxy_classical_kbo__artifact_conflict,artifact_adversarial,CLASSICAL_KBO,manual_review,0.0,0.0,inf,manual_review,"[""magnitude"",""morphology"",""orbit_fit"",""rate""]","[""color"",""sky_context"",""xmatch""]",[],{},"[""weak cosmic-ray morphology with tracklet evidence needs manual review""]","[""cosmic-ray morphology conflicts with repeated detections""]","[""contradictory evidence rejected before scoring""]",manual review path behaved correctly
mpc_proxy_centaur__short_arc,artifact_adversarial,CENTAUR,subtraction_residual,0.540629400518004,0.3342831111363405,1.6024388592690852,observe_second_night,"[""magnitude"",""morphology"",""orbit_fit"",""rate""]","[""color"",""sky_context"",""xmatch""]","[{""class"":""artefact"",""free_energy"":2.3025850929940455,""label"":""subtraction_residual"",""orbital_class"":null,""posterior"":0.540629400518004},{""class"":""artefact"",""free_energy"":3.506557897319982,""label"":""edge_artefact"",""orbital_class"":null,""posterior"":0.2063462893816635},{""class"":""moving_object"",""free_energy"":5.4944171685318075,""label"":""MBA (3 AU)"",""orbital_class"":""MBA"",""posterior"":0.04206720072617339},{""class"":""artefact"",""free_energy"":5.521460917862246,""label"":""ghost_or_diffraction"",""orbital_class"":null,""posterior"":0.041166851507268114},{""class"":""moving_object"",""free_energy"":5.985766525993345,""label"":""OMB (3 AU)"",""orbital_class"":""OMB"",""posterior"":0.028394312781470962}]","{""prior"":-2.3025850929940455}","[""short-arc moving-object candidate should not be discarded without follow-up""]",[],[],collect decisive follow-up; posterior margin is too small
mpc_proxy_centaur__artifact_conflict,artifact_adversarial,CENTAUR,manual_review,0.0,0.0,inf,manual_review,"[""magnitude"",""morphology"",""orbit_fit"",""rate""]","[""color"",""sky_context"",""xmatch""]",[],{},"[""weak cosmic-ray morphology with tracklet evidence needs manual review""]","[""cosmic-ray morphology conflicts with repeated detections""]","[""contradictory evidence rejected before scoring""]",manual review path behaved correctly
ztf_like_main_belt__short_arc,artifact_adversarial,MBA,subtraction_residual,0.4142659014863337,0.23423033138443655,1.925617148113815,observe_second_night,"[""magnitude"",""morphology"",""orbit_fit"",""rate"",""sky_context""]","[""color"",""xmatch""]","[{""class"":""artefact"",""free_energy"":2.3025850929940455,""label"":""subtraction_residual"",""orbital_class"":null,""posterior"":0.4142659014863337},{""class"":""moving_object"",""free_energy"":3.3442770914094733,""label"":""MBA (3 AU)"",""orbital_class"":""MBA"",""posterior"":0.18003557010189714},{""class"":""artefact"",""free_energy"":3.506557897319982,""label"":""edge_artefact"",""orbital_class"":null,""posterior"":0.1581161355766999},{""class"":""moving_object"",""free_energy"":5.216079268311065,""label"":""IMB (2 AU)"",""orbital_class"":""IMB"",""posterior"":0.040274265892536736},{""class"":""artefact"",""free_energy"":5.521460917862246,""label"":""ghost_or_diffraction"",""orbital_class"":null,""posterior"":0.03154475660160574}]","{""prior"":-2.3025850929940455}","[""short-arc moving-object candidate should not be discarded without follow-up""]",[],[],collect decisive follow-up; posterior margin is too small
ztf_like_main_belt__artifact_conflict,artifact_adversarial,MBA,manual_review,0.0,0.0,inf,manual_review,"[""magnitude"",""morphology"",""orbit_fit"",""rate"",""sky_context""]","[""color"",""xmatch""]",[],{},"[""weak cosmic-ray morphology with tracklet evidence needs manual review""]","[""cosmic-ray morphology conflicts with repeated detections""]","[""contradictory evidence rejected before scoring""]",manual review path behaved correctly
ztf_like_fast_neo__weak_morphology,artifact_adversarial,APOLLO,stellar_variable,0.344049005083113,0.0562480068874498,1.5567681895563512,discard,"[""magnitude"",""morphology"",""orbit_fit"",""rate"",""sky_context""]","[""color"",""xmatch""]","[{""class"":""artefact"",""free_energy"":5.991464547107982,""label"":""stellar_variable"",""orbital_class"":null,""posterior"":0.344049005083113},{""class"":""artefact"",""free_energy"":6.214608098422191,""label"":""supernova_or_agn"",""orbital_class"":null,""posterior"":0.2878009981956632},{""class"":""moving_object"",""free_energy"":6.502290170873973,""label"":""APOLLO (2 AU)"",""orbital_class"":""APOLLO"",""posterior"":0.22863425907486934},{""class"":""moving_object"",""free_energy"":8.294049640102028,""label"":""ATEN (1 AU)"",""orbital_class"":""ATEN"",""posterior"":0.054528092602924474},{""class"":""moving_object"",""free_energy"":8.768507619697143,""label"":""COMET_HYPERBOLIC (10 AU)"",""orbital_class"":""COMET_HYPERBOLIC"",""posterior"":0.03730583115979314}]","{""prior"":-2.995732273553991,""stellar_motion"":-2.995732273553991}",[],[],[],collect decisive follow-up; posterior margin is too small
ztf_like_fast_neo__short_arc,artifact_adversarial,APOLLO,subtraction_residual,0.5970306221602909,0.36915723345452933,1.279790011517576,observe_second_night,"[""magnitude"",""morphology"",""orbit_fit"",""rate"",""sky_context""]","[""color"",""xmatch""]","[{""class"":""artefact"",""free_energy"":2.3025850929940455,""label"":""subtraction_residual"",""orbital_class"":null,""posterior"":0.5970306221602909},{""class"":""artefact"",""free_energy"":3.506557897319982,""label"":""edge_artefact"",""orbital_class"":null,""posterior"":0.2278733887057616},{""class"":""artefact"",""free_energy"":5.521460917862246,""label"":""ghost_or_diffraction"",""orbital_class"":null,""posterior"":0.045461587816377186},{""class"":""artefact"",""free_energy"":5.991464547107982,""label"":""cosmic_ray"",""orbital_class"":null,""posterior"":0.0312139416319488},{""class"":""artefact"",""free_energy"":5.991464547107982,""label"":""stellar_variable"",""orbital_class"":null,""posterior"":0.0312139416319488}]","{""prior"":-2.3025850929940455}","[""short-arc moving-object candidate should not be discarded without follow-up""]",[],[],inspect top evidence terms; likely prior/likelihood calibration miss
ztf_like_fast_neo__artifact_conflict,artifact_adversarial,APOLLO,manual_review,0.0,0.0,inf,manual_review,"[""magnitude"",""morphology"",""orbit_fit"",""rate"",""sky_context""]","[""color"",""xmatch""]",[],{},"[""weak cosmic-ray morphology with tracklet evidence needs manual review""]","[""cosmic-ray morphology conflicts with repeated detections""]","[""contradictory evidence rejected before scoring""]",manual review path behaved correctly
lsst_like_faint_kbo__missing_color,artifact_adversarial,CLASSICAL_KBO,HOT_CLASSICAL,0.24065271470897823,0.039343917158441155,1.9956078798405745,observe_second_night,"[""magnitude"",""morphology"",""orbit_fit"",""rate"",""sky_context""]","[""color"",""xmatch""]","[{""class"":""moving_object"",""free_energy"":7.245968160081134,""label"":""HOT_CLASSICAL (44 AU)"",""orbital_class"":""HOT_CLASSICAL"",""posterior"":0.24065271470897823},{""class"":""moving_object"",""free_energy"":7.469111711395343,""label"":""RESONANT_KBO (39 AU)"",""orbital_class"":""RESONANT_KBO"",""posterior"":0.20130879755053707},{""class"":""moving_object"",""free_energy"":7.756793783847125,""label"":""CLASSICAL_KBO (44 AU)"",""orbital_class"":""CLASSICAL_KBO"",""posterior"":0.1599233083337981},{""class"":""moving_object"",""free_energy"":8.16225889195529,""label"":""SCATTERED_KBO (60 AU)"",""orbital_class"":""SCATTERED_KBO"",""posterior"":0.11562154229636645},{""class"":""moving_object"",""free_energy"":8.17050063145317,""label"":""COMET_HYPERBOLIC (10 AU)"",""orbital_class"":""COMET_HYPERBOLIC"",""posterior"":0.11486171187323249}]","{""magnitude"":-2.4423470353692043,""morphology"":-0.19845093872383832,""prior"":-5.298317366548036,""rate"":0.0,""rms_fit"":0.6931471805599453}",[],[],[],collect decisive follow-up; posterior margin is too small
lsst_like_faint_kbo__mag_noise,artifact_adversarial,CLASSICAL_KBO,HOT_CLASSICAL,0.2603328855958854,0.04256139598046399,1.944485430160274,observe_second_night,"[""color"",""magnitude"",""morphology"",""orbit_fit"",""rate"",""sky_context""]","[""xmatch""]","[{""class"":""moving_object"",""free_energy"":6.147355871413024,""label"":""HOT_CLASSICAL (44 AU)"",""orbital_class"":""HOT_CLASSICAL"",""posterior"":0.2603328855958854},{""class"":""moving_object"",""free_energy"":6.370499422727233,""label"":""RESONANT_KBO (39 AU)"",""orbital_class"":""RESONANT_KBO"",""posterior"":0.21777148961542142},{""class"":""moving_object"",""free_energy"":6.658181495179015,""label"":""CLASSICAL_KBO (44 AU)"",""orbital_class"":""CLASSICAL_KBO"",""posterior"":0.17300156527602603},{""class"":""moving_object"",""free_energy"":7.063646603287179,""label"":""SCATTERED_KBO (60 AU)"",""orbital_class"":""SCATTERED_KBO"",""posterior"":0.12507687594324424},{""class"":""moving_object"",""free_energy"":7.756793783847124,""label"":""DETACHED (80 AU)"",""orbital_class"":""DETACHED"",""posterior"":0.07183780082208643}]","{""color"":1.0986122886681098,""magnitude"":-2.4423470353692043,""morphology"":-0.19845093872383832,""prior"":-5.298317366548036,""rate"":0.0,""rms_fit"":0.6931471805599453}",[],[],[],collect decisive follow-up; posterior margin is too small
lsst_like_faint_kbo__weak_morphology,artifact_adversarial,CLASSICAL_KBO,HOT_CLASSICAL,0.2555706285268055,0.04178282239221395,1.9667919242341627,observe_second_night,"[""color"",""magnitude"",""morphology"",""orbit_fit"",""rate"",""sky_context""]","[""xmatch""]","[{""class"":""moving_object"",""free_energy"":6.998727057187863,""label"":""HOT_CLASSICAL (44 AU)"",""orbital_class"":""HOT_CLASSICAL"",""posterior"":0.2555706285268055},{""class"":""moving_object"",""free_energy"":7.221870608502073,""label"":""RESONANT_KBO (39 AU)"",""orbital_class"":""RESONANT_KBO"",""posterior"":0.21378780613459156},{""class"":""moving_object"",""free_energy"":7.509552680953854,""label"":""CLASSICAL_KBO (44 AU)"",""orbital_class"":""CLASSICAL_KBO"",""posterior"":0.16983685588746053},{""class"":""moving_object"",""free_energy"":7.915017789062018,""label"":""SCATTERED_KBO (60 AU)"",""orbital_class"":""SCATTERED_KBO"",""posterior"":0.12278885061261517},{""class"":""moving_object"",""free_energy"":8.608164969621964,""label"":""DETACHED (80 AU)"",""orbital_class"":""DETACHED"",""posterior"":0.07052367535534385}]","{""color"":1.0986122886681098,""magnitude"":-2.4423470353692043,""morphology"":-1.0498221244986778,""prior"":-5.298317366548036,""rate"":0.0,""rms_fit"":0.6931471805599453}",[],[],[],collect decisive follow-up; posterior margin is too small
lsst_like_faint_kbo__short_arc,artifact_adversarial,CLASSICAL_KBO,subtraction_residual,0.5828699180306623,0.3604013570116317,1.4036555919876135,observe_second_night,"[""color"",""magnitude"",""morphology"",""orbit_fit"",""rate"",""sky_context""]","[""xmatch""]","[{""class"":""artefact"",""free_energy"":2.3025850929940455,""label"":""subtraction_residual"",""orbital_class"":null,""posterior"":0.5828699180306623},{""class"":""artefact"",""free_energy"":3.506557897319982,""label"":""edge_artefact"",""orbital_class"":null,""posterior"":0.22246856101903068},{""class"":""artefact"",""free_energy"":5.521460917862246,""label"":""ghost_or_diffraction"",""orbital_class"":null,""posterior"":0.04438330460872288},{""class"":""artefact"",""free_energy"":5.991464547107982,""label"":""cosmic_ray"",""orbital_class"":null,""posterior"":0.030473592015424694},{""class"":""artefact"",""free_energy"":5.991464547107982,""label"":""stellar_variable"",""orbital_class"":null,""posterior"":0.030473592015424694}]","{""prior"":-2.3025850929940455}","[""short-arc moving-object candidate should not be discarded without follow-up""]",[],[],inspect top evidence terms; likely prior/likelihood calibration miss
lsst_like_faint_kbo__artifact_conflict,artifact_adversarial,CLASSICAL_KBO,manual_review,0.0,0.0,inf,manual_review,"[""color"",""magnitude"",""morphology"",""orbit_fit"",""rate"",""sky_context""]","[""xmatch""]",[],{},"[""weak cosmic-ray morphology with tracklet evidence needs manual review""]","[""cosmic-ray morphology conflicts with repeated detections""]","[""contradictory evidence rejected before scoring""]",manual review path behaved correctly
lsst_like_trojan__missing_color,artifact_adversarial,JTROJAN,MBA,0.7345604345617619,0.6382291832889121,1.0178075163132434,observe_multiband,"[""magnitude"",""morphology"",""orbit_fit"",""rate"",""sky_context""]","[""color"",""xmatch""]","[{""class"":""moving_object"",""free_energy"":2.741970432717929,""label"":""MBA (3 AU)"",""orbital_class"":""MBA"",""posterior"":0.7345604345617619},{""class"":""moving_object"",""free_energy"":5.281319790179466,""label"":""OMB (3 AU)"",""orbital_class"":""OMB"",""posterior"":0.09633125127284976},{""class"":""moving_object"",""free_energy"":5.316411109990735,""label"":""JTROJAN (5 AU)"",""orbital_class"":""JTROJAN"",""posterior"":0.09366454510430439},{""class"":""moving_object"",""free_energy"":7.14817260961952,""label"":""IMB (2 AU)"",""orbital_class"":""IMB"",""posterior"":0.02163496012450898},{""class"":""moving_object"",""free_energy"":7.395852651670571,""label"":""HILDA (4 AU)"",""orbital_class"":""HILDA"",""posterior"":0.017746112838656822}]","{""magnitude"":-2.8622008809294686,""morphology"":-0.11653381625595151,""prior"":-0.4307829160924542,""rate"":-0.025600000000000046,""rms_fit"":0.6931471805599453}",[],[],[],inspect top evidence terms; likely prior/likelihood calibration miss
lsst_like_trojan__mag_noise,artifact_adversarial,JTROJAN,MBA,0.6687284720444492,0.5202643526235897,1.1795595816130928,monitor,"[""color"",""magnitude"",""morphology"",""orbit_fit"",""rate"",""sky_context""]","[""xmatch""]","[{""class"":""moving_object"",""free_energy"":2.741970432717929,""label"":""MBA (3 AU)"",""orbital_class"":""MBA"",""posterior"":0.6687284720444492},{""class"":""moving_object"",""free_energy"":4.62326392943079,""label"":""JTROJAN (5 AU)"",""orbital_class"":""JTROJAN"",""posterior"":0.14846411942085952},{""class"":""moving_object"",""free_energy"":5.281319790179466,""label"":""OMB (3 AU)"",""orbital_class"":""OMB"",""posterior"":0.08769795845627774},{""class"":""moving_object"",""free_energy"":6.702705471110626,""label"":""HILDA (4 AU)"",""orbital_class"":""HILDA"",""posterior"":0.02812869066732186},{""class"":""moving_object"",""free_energy"":7.14817260961952,""label"":""IMB (2 AU)"",""orbital_class"":""IMB"",""posterior"":0.019696015666072486}]","{""magnitude"":-2.8622008809294686,""morphology"":-0.11653381625595151,""prior"":-0.4307829160924542,""rate"":-0.025600000000000046,""rms_fit"":0.6931471805599453}",[],[],[],inspect top evidence terms; likely prior/likelihood calibration miss
lsst_like_trojan__weak_morphology,artifact_adversarial,JTROJAN,MBA,0.6687283423561979,0.5202642517273711,1.1795624483819482,monitor,"[""color"",""magnitude"",""morphology"",""orbit_fit"",""rate"",""sky_context""]","[""xmatch""]","[{""class"":""moving_object"",""free_energy"":3.675258740960655,""label"":""MBA (3 AU)"",""orbital_class"":""MBA"",""posterior"":0.6687283423561979},{""class"":""moving_object"",""free_energy"":5.556552237673516,""label"":""JTROJAN (5 AU)"",""orbital_class"":""JTROJAN"",""posterior"":0.1484640906288268},{""class"":""moving_object"",""free_energy"":6.214608098422191,""label"":""OMB (3 AU)"",""orbital_class"":""OMB"",""posterior"":0.08769794144878465},{""class"":""moving_object"",""free_energy"":7.6359937793533526,""label"":""HILDA (4 AU)"",""orbital_class"":""HILDA"",""posterior"":0.02812868521225173},{""class"":""moving_object"",""free_energy"":8.081460917862247,""label"":""IMB (2 AU)"",""orbital_class"":""IMB"",""posterior"":0.01969601184637295}]","{""magnitude"":-2.8622008809294686,""morphology"":-1.0498221244986778,""prior"":-0.4307829160924542,""rate"":-0.025600000000000046,""rms_fit"":0.6931471805599453}",[],[],[],inspect top evidence terms; likely prior/likelihood calibration miss
lsst_like_trojan__short_arc,artifact_adversarial,JTROJAN,subtraction_residual,0.4512121955616775,0.2688651504269985,1.7254333020608037,observe_second_night,"[""color"",""magnitude"",""morphology"",""orbit_fit"",""rate"",""sky_context""]","[""xmatch""]","[{""class"":""artefact"",""free_energy"":2.3025850929940455,""label"":""subtraction_residual"",""orbital_class"":null,""posterior"":0.4512121955616775},{""class"":""moving_object"",""free_energy"":3.4351176132778742,""label"":""MBA (3 AU)"",""orbital_class"":""MBA"",""posterior"":0.18234704513467903},{""class"":""artefact"",""free_energy"":3.506557897319982,""label"":""edge_artefact"",""orbital_class"":null,""posterior"":0.17221771917823225},{""class"":""moving_object"",""free_energy"":5.316411109990735,""label"":""JTROJAN (5 AU)"",""orbital_class"":""JTROJAN"",""posterior"":0.040482788779952567},{""class"":""artefact"",""free_energy"":5.521460917862246,""label"":""ghost_or_diffraction"",""orbital_class"":null,""posterior"":0.03435807493110508}]","{""prior"":-2.3025850929940455}","[""short-arc moving-object candidate should not be discarded without follow-up""]",[],[],collect decisive follow-up; posterior margin is too small
lsst_like_trojan__artifact_conflict,artifact_adversarial,JTROJAN,manual_review,0.0,0.0,inf,manual_review,"[""color"",""magnitude"",""morphology"",""orbit_fit"",""rate"",""sky_context""]","[""xmatch""]",[],{},"[""weak cosmic-ray morphology with tracklet evidence needs manual review""]","[""cosmic-ray morphology conflicts with repeated detections""]","[""contradictory evidence rejected before scoring""]",manual review path behaved correctly
false_positive_satellite_streak__weak_morphology,artifact_adversarial,satellite_trail,subtraction_residual,0.35823053282017747,0.12017208405485927,1.5806340427813894,discard,"[""magnitude"",""morphology"",""orbit_fit"",""rate""]","[""color"",""sky_context"",""xmatch""]","[{""class"":""artefact"",""free_energy"":2.995732273553991,""label"":""subtraction_residual"",""orbital_class"":null,""posterior"":0.35823053282017747},{""class"":""artefact"",""free_energy"":3.506557897319982,""label"":""edge_artefact"",""orbital_class"":null,""posterior"":0.2380584487653182},{""class"":""artefact"",""free_energy"":3.5090610275381002,""label"":""satellite_trail"",""orbital_class"":null,""posterior"":0.23758221271937008},{""class"":""artefact"",""free_energy"":5.298317366548036,""label"":""cosmic_ray"",""orbital_class"":null,""posterior"":0.05677571327984168},{""class"":""artefact"",""free_energy"":5.521460917862246,""label"":""ghost_or_diffraction"",""orbital_class"":null,""posterior"":0.04749354514558726}]","{""prior"":-2.3025850929940455,""single_detection"":-0.6931471805599453}",[],[],[],collect decisive follow-up; posterior margin is too small
false_positive_cosmic_ray__weak_morphology,artifact_adversarial,cosmic_ray,subtraction_residual,0.25458652876822835,0.07866950892601912,2.2649769196670944,discard,"[""magnitude"",""morphology"",""orbit_fit""]","[""color"",""rate"",""sky_context"",""xmatch""]","[{""class"":""artefact"",""free_energy"":2.995732273553991,""label"":""subtraction_residual"",""orbital_class"":null,""posterior"":0.25458652876822835},{""class"":""artefact"",""free_energy"":3.4577677331505496,""label"":""cosmic_ray"",""orbital_class"":null,""posterior"":0.17591701984220923},{""class"":""artefact"",""free_energy"":3.506557897319982,""label"":""edge_artefact"",""orbital_class"":null,""posterior"":0.16918288242486132},{""class"":""moving_object"",""free_energy"":3.723766713114377,""label"":""MBA (3 AU)"",""orbital_class"":""MBA"",""posterior"":0.14219697179051594},{""class"":""artefact"",""free_energy"":5.521460917862246,""label"":""ghost_or_diffraction"",""orbital_class"":null,""posterior"":0.03375261372145988}]","{""prior"":-2.3025850929940455,""single_detection"":-0.6931471805599453}","[""sparse evidence: posterior should be treated as provisional""]",[],[],collect decisive follow-up; posterior margin is too small
false_positive_variable_star__short_arc,artifact_adversarial,stellar_variable,subtraction_residual,0.44686680815329366,0.21095585305979944,1.5785112854517682,discard,"[""magnitude"",""morphology"",""orbit_fit"",""sky_context""]","[""color"",""rate"",""xmatch""]","[{""class"":""artefact"",""free_energy"":2.3025850929940455,""label"":""subtraction_residual"",""orbital_class"":null,""posterior"":0.44686680815329366},{""class"":""artefact"",""free_energy"":3.101092789211817,""label"":""stellar_variable"",""orbital_class"":null,""posterior"":0.23591095509349422},{""class"":""artefact"",""free_energy"":3.506557897319982,""label"":""edge_artefact"",""orbital_class"":null,""posterior"":0.17055918087678823},{""class"":""artefact"",""free_energy"":5.521460917862246,""label"":""ghost_or_diffraction"",""orbital_class"":null,""posterior"":0.03402719037689642},{""class"":""artefact"",""free_energy"":5.809142990314028,""label"":""satellite_trail"",""orbital_class"":null,""posterior"":0.027031808468336534}]","{""prior"":-2.3025850929940455}",[],[],[],collect decisive follow-up; posterior margin is too small
contradiction_cosmic_ray_arc__missing_color,contradiction_fail_closed,manual_review,manual_review,0.0,0.0,inf,manual_review,"[""magnitude"",""morphology"",""orbit_fit"",""rate""]","[""color"",""sky_context"",""xmatch""]",[],{},[],"[""cosmic-ray morphology conflicts with repeated detections""]","[""contradictory evidence rejected before scoring""]",manual review path behaved correctly
contradiction_cosmic_ray_arc__mag_noise,contradiction_fail_closed,manual_review,manual_review,0.0,0.0,inf,manual_review,"[""magnitude"",""morphology"",""orbit_fit"",""rate""]","[""color"",""sky_context"",""xmatch""]",[],{},[],"[""cosmic-ray morphology conflicts with repeated detections""]","[""contradictory evidence rejected before scoring""]",manual review path behaved correctly
contradiction_cosmic_ray_arc__weak_morphology,contradiction_fail_closed,manual_review,manual_review,0.0,0.0,inf,manual_review,"[""magnitude"",""morphology"",""orbit_fit"",""rate""]","[""color"",""sky_context"",""xmatch""]",[],{},"[""weak cosmic-ray morphology with tracklet evidence needs manual review""]","[""cosmic-ray morphology conflicts with repeated detections""]","[""contradictory evidence rejected before scoring""]",manual review path behaved correctly
contradiction_cosmic_ray_arc__short_arc,contradiction_fail_closed,manual_review,subtraction_residual,0.4809018181693085,0.23313461557901066,1.340247386501598,discard,"[""magnitude"",""morphology"",""orbit_fit"",""rate""]","[""color"",""sky_context"",""xmatch""]","[{""class"":""artefact"",""free_energy"":2.3025850929940455,""label"":""subtraction_residual"",""orbital_class"":null,""posterior"":0.4809018181693085},{""class"":""artefact"",""free_energy"":3.1315519966965257,""label"":""cosmic_ray"",""orbital_class"":null,""posterior"":0.24776720259029783},{""class"":""artefact"",""free_energy"":3.506557897319982,""label"":""edge_artefact"",""orbital_class"":null,""posterior"":0.18354959171856514},{""class"":""artefact"",""free_energy"":5.521460917862246,""label"":""ghost_or_diffraction"",""orbital_class"":null,""posterior"":0.03661882561174527},{""class"":""artefact"",""free_energy"":5.991464547107982,""label"":""stellar_variable"",""orbital_class"":null,""posterior"":0.02514249809954428}]","{""prior"":-2.3025850929940455}",[],[],[],strengthen contradiction audit and fail-closed triggers
contradiction_satellite_multiday__missing_color,contradiction_fail_closed,manual_review,manual_review,0.0,0.0,inf,manual_review,"[""magnitude"",""morphology"",""orbit_fit"",""rate""]","[""color"",""sky_context"",""xmatch""]",[],{},[],"[""satellite-scale rate conflicts with multi-day coherent arc""]","[""contradictory evidence rejected before scoring""]",manual review path behaved correctly
contradiction_satellite_multiday__mag_noise,contradiction_fail_closed,manual_review,manual_review,0.0,0.0,inf,manual_review,"[""magnitude"",""morphology"",""orbit_fit"",""rate""]","[""color"",""sky_context"",""xmatch""]",[],{},[],"[""satellite-scale rate conflicts with multi-day coherent arc""]","[""contradictory evidence rejected before scoring""]",manual review path behaved correctly
contradiction_satellite_multiday__weak_morphology,contradiction_fail_closed,manual_review,manual_review,0.0,0.0,inf,manual_review,"[""magnitude"",""morphology"",""orbit_fit"",""rate""]","[""color"",""sky_context"",""xmatch""]",[],{},[],"[""satellite-scale rate conflicts with multi-day coherent arc""]","[""contradictory evidence rejected before scoring""]",manual review path behaved correctly
contradiction_satellite_multiday__short_arc,contradiction_fail_closed,manual_review,subtraction_residual,0.4095444805964399,0.06861831972054006,1.375980081546827,discard,"[""magnitude"",""morphology"",""orbit_fit"",""rate""]","[""color"",""sky_context"",""xmatch""]","[{""class"":""artefact"",""free_energy"":2.3025850929940455,""label"":""subtraction_residual"",""orbital_class"":null,""posterior"":0.4095444805964399},{""class"":""artefact"",""free_energy"":2.531809595874258,""label"":""satellite_trail"",""orbital_class"":null,""posterior"":0.34092616087589983},{""class"":""artefact"",""free_energy"":3.506557897319982,""label"":""edge_artefact"",""orbital_class"":null,""posterior"":0.15631407360910218},{""class"":""artefact"",""free_energy"":5.521460917862246,""label"":""ghost_or_diffraction"",""orbital_class"":null,""posterior"":0.03118523854267047},{""class"":""artefact"",""free_energy"":5.991464547107982,""label"":""cosmic_ray"",""orbital_class"":null,""posterior"":0.02141179537285434}]","{""prior"":-2.3025850929940455}",[],[],[],strengthen contradiction audit and fail-closed triggers
blind_holdout_slow_clean__short_arc,artifact_adversarial,RESONANT_KBO,subtraction_residual,0.6052018294620745,0.37420967158675633,1.2555942795660424,observe_second_night,"[""magnitude"",""morphology"",""orbit_fit"",""rate""]","[""color"",""sky_context"",""xmatch""]","[{""class"":""artefact"",""free_energy"":2.3025850929940455,""label"":""subtraction_residual"",""orbital_class"":null,""posterior"":0.6052018294620745},{""class"":""artefact"",""free_energy"":3.506557897319982,""label"":""edge_artefact"",""orbital_class"":null,""posterior"":0.23099215787531813},{""class"":""artefact"",""free_energy"":5.521460917862246,""label"":""ghost_or_diffraction"",""orbital_class"":null,""posterior"":0.04608379385494135},{""class"":""artefact"",""free_energy"":5.991464547107982,""label"":""cosmic_ray"",""orbital_class"":null,""posterior"":0.031641148509307174},{""class"":""artefact"",""free_energy"":5.991464547107982,""label"":""stellar_variable"",""orbital_class"":null,""posterior"":0.031641148509307174}]","{""prior"":-2.3025850929940455}","[""short-arc moving-object candidate should not be discarded without follow-up""]",[],[],inspect top evidence terms; likely prior/likelihood calibration miss
blind_holdout_slow_clean__artifact_conflict,artifact_adversarial,RESONANT_KBO,manual_review,0.0,0.0,inf,manual_review,"[""magnitude"",""morphology"",""orbit_fit"",""rate""]","[""color"",""sky_context"",""xmatch""]",[],{},"[""weak cosmic-ray morphology with tracklet evidence needs manual review""]","[""cosmic-ray morphology conflicts with repeated detections""]","[""contradictory evidence rejected before scoring""]",manual review path behaved correctly
blind_holdout_streak__weak_morphology,artifact_adversarial,satellite_trail,subtraction_residual,0.35823053282017747,0.12017208405485927,1.5806340427813894,discard,"[""magnitude"",""morphology"",""orbit_fit"",""rate""]","[""color"",""sky_context"",""xmatch""]","[{""class"":""artefact"",""free_energy"":2.995732273553991,""label"":""subtraction_residual"",""orbital_class"":null,""posterior"":0.35823053282017747},{""class"":""artefact"",""free_energy"":3.506557897319982,""label"":""edge_artefact"",""orbital_class"":null,""posterior"":0.2380584487653182},{""class"":""artefact"",""free_energy"":3.5090610275381002,""label"":""satellite_trail"",""orbital_class"":null,""posterior"":0.23758221271937008},{""class"":""artefact"",""free_energy"":5.298317366548036,""label"":""cosmic_ray"",""orbital_class"":null,""posterior"":0.05677571327984168},{""class"":""artefact"",""free_energy"":5.521460917862246,""label"":""ghost_or_diffraction"",""orbital_class"":null,""posterior"":0.04749354514558726}]","{""prior"":-2.3025850929940455,""single_detection"":-0.6931471805599453}",[],[],[],collect decisive follow-up; posterior margin is too small
